Workbook

Sheet Track Geometry
A1: Track Geometry Measurement Log - SBC-WFD UP Line
A2: Synthetic sample data | Limits in 'Limits' sheet (blue = editable input)
A3: Summary | B3: Total points: | C3: =COUNTA(A6:A45) -> 40 | D3: Compliant: | E3: =COUNTIF(L6:L45,"Compliant") -> 18 | F3: % Compliant: | G3: =IF(C3=0,0,E3/C3) -> 0.45 | H3: Avg gauge dev: | I3: =AVERAGE(D6:D45) -> 1.075
A5: Km | B5: Date | C5: Gauge (mm) | D5: Gauge Dev (mm) | E5: Cross-level (mm) | F5: Twist (mm/3.6m) | G5: Alignment (mm) | H5: Gauge OK? | I5: Cross-level OK? | J5: Twist OK? | K5: Alignment OK? | L5: Overall Status
A6: 1 | B6: 46309 | C6: 1675 | D6: =C6-Limits!$B$4 -> -1 | E6: -6 | F6: 6 | G6: 2 | H6: =IF(AND(D6<=Limits!$B$5,D6>=-Limits!$B$6),"OK","FAIL") -> OK | I6: =IF(ABS(E6)<=Limits!$B$7,"OK","FAIL") -> OK | J6: =IF(F6<=Limits!$B$8,"OK","FAIL") -> OK | K6: =IF(G6<=Limits!$B$9,"OK","FAIL") -> OK | L6: =IF(COUNTIF(H6:K6,"FAIL")=0,"Compliant",COUNTIF(H6:K6,"FAIL")&" parameter(s) out of limit") -> Compliant
A7: 1.5 | B7: 46309 | C7: 1676 | D7: =C7-Limits!$B$4 -> 0 | E7: -4 | F7: 3 | G7: 6 | H7: =IF(AND(D7<=Limits!$B$5,D7>=-Limits!$B$6),"OK","FAIL") -> OK | I7: =IF(ABS(E7)<=Limits!$B$7,"OK","FAIL") -> OK | J7: =IF(F7<=Limits!$B$8,"OK","FAIL") -> OK | K7: =IF(G7<=Limits!$B$9,"OK","FAIL") -> FAIL | L7: =IF(COUNTIF(H7:K7,"FAIL")=0,"Compliant",COUNTIF(H7:K7,"FAIL")&" parameter(s) out of limit") -> 1 parameter(s) out of limit
A8: 2 | B8: 46309 | C8: 1681 | D8: =C8-Limits!$B$4 -> 5 | E8: -5 | F8: 8 | G8: 1 | H8: =IF(AND(D8<=Limits!$B$5,D8>=-Limits!$B$6),"OK","FAIL") -> OK | I8: =IF(ABS(E8)<=Limits!$B$7,"OK","FAIL") -> OK | J8: =IF(F8<=Limits!$B$8,"OK","FAIL") -> OK | K8: =IF(G8<=Limits!$B$9,"OK","FAIL") -> OK | L8: =IF(COUNTIF(H8:K8,"FAIL")=0,"Compliant",COUNTIF(H8:K8,"FAIL")&" parameter(s) out of limit") -> Compliant
A9: 2.5 | B9: 46309 | C9: 1674 | D9: =C9-Limits!$B$4 -> -2 | E9: -5 | F9: 5 | G9: 2 | H9: =IF(AND(D9<=Limits!$B$5,D9>=-Limits!$B$6),"OK","FAIL") -> OK | I9: =IF(ABS(E9)<=Limits!$B$7,"OK","FAIL") -> OK | J9: =IF(F9<=Limits!$B$8,"OK","FAIL") -> OK | K9: =IF(G9<=Limits!$B$9,"OK","FAIL") -> OK | L9: =IF(COUNTIF(H9:K9,"FAIL")=0,"Compliant",COUNTIF(H9:K9,"FAIL")&" parameter(s) out of limit") -> Compliant
A10: 3 | B10: 46309 | C10: 1681 | D10: =C10-Limits!$B$4 -> 5 | E10: 3 | F10: 2 | G10: 5 | H10: =IF(AND(D10<=Limits!$B$5,D10>=-Limits!$B$6),"OK","FAIL") -> OK | I10: =IF(ABS(E10)<=Limits!$B$7,"OK","FAIL") -> OK | J10: =IF(F10<=Limits!$B$8,"OK","FAIL") -> OK | K10: =IF(G10<=Limits!$B$9,"OK","FAIL") -> OK | L10: =IF(COUNTIF(H10:K10,"FAIL")=0,"Compliant",COUNTIF(H10:K10,"FAIL")&" parameter(s) out of limit") -> Compliant
A11: 3.5 | B11: 46309 | C11: 1676 | D11: =C11-Limits!$B$4 -> 0 | E11: 5 | F11: 10 | G11: 4 | H11: =IF(AND(D11<=Limits!$B$5,D11>=-Limits!$B$6),"OK","FAIL") -> OK | I11: =IF(ABS(E11)<=Limits!$B$7,"OK","FAIL") -> OK | J11: =IF(F11<=Limits!$B$8,"OK","FAIL") -> FAIL | K11: =IF(G11<=Limits!$B$9,"OK","FAIL") -> OK | L11: =IF(COUNTIF(H11:K11,"FAIL")=0,"Compliant",COUNTIF(H11:K11,"FAIL")&" parameter(s) out of limit") -> 1 parameter(s) out of limit
A12: 4 | B12: 46309 | C12: 1676 | D12: =C12-Limits!$B$4 -> 0 | E12: 1 | F12: 6 | G12: 7 | H12: =IF(AND(D12<=Limits!$B$5,D12>=-Limits!$B$6),"OK","FAIL") -> OK | I12: =IF(ABS(E12)<=Limits!$B$7,"OK","FAIL") -> OK | J12: =IF(F12<=Limits!$B$8,"OK","FAIL") -> OK | K12: =IF(G12<=Limits!$B$9,"OK","FAIL") -> FAIL | L12: =IF(COUNTIF(H12:K12,"FAIL")=0,"Compliant",COUNTIF(H12:K12,"FAIL")&" parameter(s) out of limit") -> 1 parameter(s) out of limit
A13: 4.5 | B13: 46309 | C13: 1674 | D13: =C13-Limits!$B$4 -> -2 | E13: 6 | F13: 4 | G13: 6 | H13: =IF(AND(D13<=Limits!$B$5,D13>=-Limits!$B$6),"OK","FAIL") -> OK | I13: =IF(ABS(E13)<=Limits!$B$7,"OK","FAIL") -> OK | J13: =IF(F13<=Limits!$B$8,"OK","FAIL") -> OK | K13: =IF(G13<=Limits!$B$9,"OK","FAIL") -> FAIL | L13: =IF(COUNTIF(H13:K13,"FAIL")=0,"Compliant",COUNTIF(H13:K13,"FAIL")&" parameter(s) out of limit") -> 1 parameter(s) out of limit
A14: 5 | B14: 46309 | C14: 1679 | D14: =C14-Limits!$B$4 -> 3 | E14: -1 | F14: 6 | G14: 2 | H14: =IF(AND(D14<=Limits!$B$5,D14>=-Limits!$B$6),"OK","FAIL") -> OK | I14: =IF(ABS(E14)<=Limits!$B$7,"OK","FAIL") -> OK | J14: =IF(F14<=Limits!$B$8,"OK","FAIL") -> OK | K14: =IF(G14<=Limits!$B$9,"OK","FAIL") -> OK | L14: =IF(COUNTIF(H14:K14,"FAIL")=0,"Compliant",COUNTIF(H14:K14,"FAIL")&" parameter(s) out of limit") -> Compliant
A15: 5.5 | B15: 46309 | C15: 1676 | D15: =C15-Limits!$B$4 -> 0 | E15: 6 | F15: 7 | G15: 1 | H15: =IF(AND(D15<=Limits!$B$5,D15>=-Limits!$B$6),"OK","FAIL") -> OK | I15: =IF(ABS(E15)<=Limits!$B$7,"OK","FAIL") -> OK | J15: =IF(F15<=Limits!$B$8,"OK","FAIL") -> OK | K15: =IF(G15<=Limits!$B$9,"OK","FAIL") -> OK | L15: =IF(COUNTIF(H15:K15,"FAIL")=0,"Compliant",COUNTIF(H15:K15,"FAIL")&" parameter(s) out of limit") -> Compliant
A16: 6 | B16: 46309 | C16: 1675 | D16: =C16-Limits!$B$4 -> -1 | E16: 0 | F16: 3 | G16: 3 | H16: =IF(AND(D16<=Limits!$B$5,D16>=-Limits!$B$6),"OK","FAIL") -> OK | I16: =IF(ABS(E16)<=Limits!$B$7,"OK","FAIL") -> OK | J16: =IF(F16<=Limits!$B$8,"OK","FAIL") -> OK | K16: =IF(G16<=Limits!$B$9,"OK","FAIL") -> OK | L16: =IF(COUNTIF(H16:K16,"FAIL")=0,"Compliant",COUNTIF(H16:K16,"FAIL")&" parameter(s) out of limit") -> Compliant
A17: 6.5 | B17: 46309 | C17: 1678 | D17: =C17-Limits!$B$4 -> 2 | E17: 3 | F17: 6 | G17: 7 | H17: =IF(AND(D17<=Limits!$B$5,D17>=-Limits!$B$6),"OK","FAIL") -> OK | I17: =IF(ABS(E17)<=Limits!$B$7,"OK","FAIL") -> OK | J17: =IF(F17<=Limits!$B$8,"OK","FAIL") -> OK | K17: =IF(G17<=Limits!$B$9,"OK","FAIL") -> FAIL | L17: =IF(COUNTIF(H17:K17,"FAIL")=0,"Compliant",COUNTIF(H17:K17,"FAIL")&" parameter(s) out of limit") -> 1 parameter(s) out of limit
... A45: 20.5 | B45: 46309 | C45: 1677 | D45: =C45-Limits!$B$4 -> 1 | E45: 0 | F45: 4 | G45: 4 | H45: =IF(AND(D45<=Limits!$B$5,D45>=-Limits!$B$6),"OK","FAIL") -> OK | I45: =IF(ABS(E45)<=Limits!$B$7,"OK","FAIL") -> OK | J45: =IF(F45<=Limits!$B$8,"OK","FAIL") -> OK | K45: =IF(G45<=Limits!$B$9,"OK","FAIL") -> OK | L45: =IF(COUNTIF(H45:K45,"FAIL")=0,"Compliant",COUNTIF(H45:K45,"FAIL")&" parameter(s) out of limit") -> Compliant

Sheet Limits
A1: Tolerance Limits
A2: Edit blue cells; Track Geometry sheet recalculates
A4: Nominal gauge | B4: 1676 | C4: mm
A5: Gauge tolerance (+) | B5: 6 | C5: mm
A6: Gauge tolerance (-) | B6: 3 | C6: mm
A7: Max cross-level | B7: 6 | C7: mm
A8: Max twist | B8: 8 | C8: mm/3.6 m
A9: Max alignment | B9: 5 | C9: mm
