Workbook

Sheet Loco Schedule
A1: Electric Locomotive Maintenance Schedule Tracker
A2: Synthetic sample data | Reference date in B3 (blue, editable) drives due-status
A3: Reference date: | B3: 46326
A5: Loco No. | B5: Class | C5: Shed | D5: Last Schedule | E5: Last Schedule Done | F5: Interval (days) | G5: Next Due | H5: Days Remaining | I5: Status | J5: Km Since Last POH | K5: POH Limit (km) | L5: % POH Life Used
A6: 30996 | B6: WAP-7 | C6: Shed-C | D6: IA | E6: 46275 | F6: 30 | G6: =E6+F6 -> 46305 | H6: =G6-$B$3 -> -21 | I6: =IF(H6<0,"OVERDUE",IF(H6<=7,"DUE SOON","OK")) -> OVERDUE | J6: 356183 | K6: 1200000 | L6: =J6/K6 -> 0.29681917
A7: 30619 | B7: WAG-9 | C7: Shed-A | D7: AOH | E7: 46230 | F7: 365 | G7: =E7+F7 -> 46595 | H7: =G7-$B$3 -> 269 | I7: =IF(H7<0,"OVERDUE",IF(H7<=7,"DUE SOON","OK")) -> OK | J7: 735674 | K7: 1200000 | L7: =J7/K7 -> 0.61306167
A8: 30619 | B8: WAG-9 | C8: Shed-C | D8: IC | E8: 46158 | F8: 180 | G8: =E8+F8 -> 46338 | H8: =G8-$B$3 -> 12 | I8: =IF(H8<0,"OVERDUE",IF(H8<=7,"DUE SOON","OK")) -> OK | J8: 288573 | K8: 1200000 | L8: =J8/K8 -> 0.2404775
A9: 30880 | B9: WAP-7 | C9: Shed-A | D9: IB | E9: 46274 | F9: 60 | G9: =E9+F9 -> 46334 | H9: =G9-$B$3 -> 8 | I9: =IF(H9<0,"OVERDUE",IF(H9<=7,"DUE SOON","OK")) -> OK | J9: 645579 | K9: 1200000 | L9: =J9/K9 -> 0.5379825
A10: 30713 | B10: WAG-9 | C10: Shed-B | D10: AOH | E10: 46321 | F10: 365 | G10: =E10+F10 -> 46686 | H10: =G10-$B$3 -> 360 | I10: =IF(H10<0,"OVERDUE",IF(H10<=7,"DUE SOON","OK")) -> OK | J10: 592340 | K10: 1200000 | L10: =J10/K10 -> 0.49361667
A11: 30471 | B11: WAG-9 | C11: Shed-B | D11: IA | E11: 46314 | F11: 30 | G11: =E11+F11 -> 46344 | H11: =G11-$B$3 -> 18 | I11: =IF(H11<0,"OVERDUE",IF(H11<=7,"DUE SOON","OK")) -> OK | J11: 331083 | K11: 1200000 | L11: =J11/K11 -> 0.2759025
A12: 30999 | B12: WAP-7 | C12: Shed-C | D12: IA | E12: 46306 | F12: 30 | G12: =E12+F12 -> 46336 | H12: =G12-$B$3 -> 10 | I12: =IF(H12<0,"OVERDUE",IF(H12<=7,"DUE SOON","OK")) -> OK | J12: 162582 | K12: 1200000 | L12: =J12/K12 -> 0.135485
A13: 30597 | B13: WAG-9 | C13: Shed-A | D13: IA | E13: 46275 | F13: 30 | G13: =E13+F13 -> 46305 | H13: =G13-$B$3 -> -21 | I13: =IF(H13<0,"OVERDUE",IF(H13<=7,"DUE SOON","OK")) -> OVERDUE | J13: 877549 | K13: 1200000 | L13: =J13/K13 -> 0.73129083
A14: 30231 | B14: WAG-9 | C14: Shed-C | D14: AOH | E14: 46257 | F14: 365 | G14: =E14+F14 -> 46622 | H14: =G14-$B$3 -> 296 | I14: =IF(H14<0,"OVERDUE",IF(H14<=7,"DUE SOON","OK")) -> OK | J14: 578369 | K14: 1200000 | L14: =J14/K14 -> 0.48197417
A15: 30371 | B15: WAP-7 | C15: Shed-C | D15: AOH | E15: 46237 | F15: 365 | G15: =E15+F15 -> 46602 | H15: =G15-$B$3 -> 276 | I15: =IF(H15<0,"OVERDUE",IF(H15<=7,"DUE SOON","OK")) -> OK | J15: 716059 | K15: 1200000 | L15: =J15/K15 -> 0.59671583
A16: 30652 | B16: WAG-9 | C16: Shed-C | D16: Q | E16: 46294 | F16: 90 | G16: =E16+F16 -> 46384 | H16: =G16-$B$3 -> 58 | I16: =IF(H16<0,"OVERDUE",IF(H16<=7,"DUE SOON","OK")) -> OK | J16: 803378 | K16: 1200000 | L16: =J16/K16 -> 0.66948167
A17: 30508 | B17: WAG-9 | C17: Shed-C | D17: IB | E17: 46282 | F17: 60 | G17: =E17+F17 -> 46342 | H17: =G17-$B$3 -> 16 | I17: =IF(H17<0,"OVERDUE",IF(H17<=7,"DUE SOON","OK")) -> OK | J17: 761446 | K17: 1200000 | L17: =J17/K17 -> 0.63453833
... A35: 30592 | B35: WAG-9 | C35: Shed-A | D35: Q | E35: 46259 | F35: 90 | G35: =E35+F35 -> 46349 | H35: =G35-$B$3 -> 23 | I35: =IF(H35<0,"OVERDUE",IF(H35<=7,"DUE SOON","OK")) -> OK | J35: 500521 | K35: 1200000 | L35: =J35/K35 -> 0.41710083

Sheet Summary
A1: Fleet Status Summary
A2: Counts via COUNTIFS on Loco Schedule
A4: Shed | B4: Total | C4: Overdue | D4: Due Soon | E4: OK | F4: % Overdue
A5: Shed-A | B5: =COUNTIF('Loco Schedule'!C6:C35,A5) -> 9 | C5: =COUNTIFS('Loco Schedule'!C6:C35,A5,'Loco Schedule'!I6:I35,"OVERDUE") -> 1 | D5: =COUNTIFS('Loco Schedule'!C6:C35,A5,'Loco Schedule'!I6:I35,"DUE SOON") -> 0 | E5: =B5-C5-D5 -> 8 | F5: =IF(B5=0,0,C5/B5) -> 0.11111111
A6: Shed-B | B6: =COUNTIF('Loco Schedule'!C6:C35,A6) -> 7 | C6: =COUNTIFS('Loco Schedule'!C6:C35,A6,'Loco Schedule'!I6:I35,"OVERDUE") -> 0 | D6: =COUNTIFS('Loco Schedule'!C6:C35,A6,'Loco Schedule'!I6:I35,"DUE SOON") -> 0 | E6: =B6-C6-D6 -> 7 | F6: =IF(B6=0,0,C6/B6) -> 0
A7: Shed-C | B7: =COUNTIF('Loco Schedule'!C6:C35,A7) -> 14 | C7: =COUNTIFS('Loco Schedule'!C6:C35,A7,'Loco Schedule'!I6:I35,"OVERDUE") -> 2 | D7: =COUNTIFS('Loco Schedule'!C6:C35,A7,'Loco Schedule'!I6:I35,"DUE SOON") -> 0 | E7: =B7-C7-D7 -> 12 | F7: =IF(B7=0,0,C7/B7) -> 0.14285714
A8: Total | B8: =SUM(B5:B7) -> 30 | C8: =SUM(C5:C7) -> 3 | D8: =SUM(D5:D7) -> 0 | E8: =SUM(E5:E7) -> 27 | F8: =IF(B8=0,0,C8/B8) -> 0.1

Sheet Schedule Reference
A1: Schedule Intervals
A2: Reference table
A4: Schedule | B4: Interval (days) | C4: Man-hours
A5: IA | B5: 30 | C5: 8
A6: IB | B6: 60 | C6: 14
A7: Q | B7: 90 | C7: 18
A8: IC | B8: 180 | C8: 28
A9: AOH | B9: 365 | C9: 76
A10: IOH | B10: 548 | C10: 160
